"Timestamp","Please enter your Prolific ID","Your age (in years):","Your gender:","Are you of Hispanic, Latino/a, or of Spanish origin? (one or more categories may be selected)","What is your race?","Studies background","Are you a native English speaker (i.e. is English your mother tongue?)","On a scale from 0 to 5, how good is your knowledge of English? (If YES to previous question, please mark 5 here)","Are you currently under medication treatment for depression, anxiety, or other psychiatric or neurological conditions?","How would you rate your risk-taking behavior in general, on a scale from 1-7.","How would you rate your financial risk-taking behavior, on a scale from 1-7.","You have been given $100. You can invest any part of this money in a risky asset. If the investment is successful, the risky asset returns 2.5 times the amount invested with a probability of one-half and nothing with a probability of one-half. You can also choose not to invest at all, in which case you will keep the money you have. How much would you like to invest? (write amount in dollars)","","","","","","","","","","","","","","","",""
"2023/11/16 12:36:24 PM AST","TestMihai","34","Male","No","White caucasian","Social sciences: economics, psychology","No","5","No","","","","Yes","MT","TestMihai ","I do not wish to be contacted about participating in future research studies.","I consent","","","","","","","","","","",""
"2023/11/16 12:55:51 PM AST","TestMT4","34","Male","No","White caucasian","Social sciences: economics, psychology","No","5","No","","","","Yes","TestMT4","TestMT4","I do not wish to be contacted about participating in future research studies.","I consent","YES","","","","","","","","","",""
"2023/11/16 1:15:41 PM AST","TestMT5","34","Male","No","White caucasian","Social sciences: economics, psychology","No","5","No","","","","Yes","MT5","TestMT5","I do not wish to be contacted about participating in future research studies.","I consent","YES","","","","","","","","","",""
"2023/11/16 2:11:24 PM AST","Tom_test","26","Male","No","Black or African American","Social sciences: economics, psychology","Yes","5","No","","","","Yes","Tom_Test","Tom_Test","I consent to having Caltech researchers contact me about other studies at Caltech that are funded by non-profit organizations, government agencies, universities, and other non-commercial entities.","I consent","YES","","","","","","","","","",""
"2023/11/16 3:23:52 PM AST","MT6","34","Male","No","White caucasian","Social sciences: economics, psychology","No","5","No","","","","Yes","MT6","MT6","I do not wish to be contacted about participating in future research studies.","I consent","YES","","","","","","","","","",""
"2023/11/16 4:06:54 PM AST","RLS_1116_VTECH","46","Male","No","White caucasian","Social sciences: economics, psychology","Yes","5","No","","","","Yes","RLS","RLS_1116_VTECH","I consent to having Caltech researchers contact me about other studies at Caltech that are funded by non-profit organizations, government agencies, universities, and other non-commercial entities.","I consent","YES","","","","","","","","","",""
"2023/11/16 4:09:08 PM AST","Subject1_0816_CALTECH","22","Male","No","White caucasian","STEM","No","5","No","","","","Yes","AD","Subject1_0816_CALTECH","I do not wish to be contacted about participating in future research studies.","I consent","YES","","","","","","","","","",""
"2023/11/16 4:10:17 PM AST","MW_VTECH","28","Male","No","White caucasian","Social sciences: economics, psychology","Yes","5","No","","","","Yes","MW","MW_VTECH","I do not wish to be contacted about participating in future research studies.","I consent","YES","","","","","","","","","",""
"2023/11/16 4:19:03 PM AST","Subject2_0816_CALTECH","20","Male","No","What race do you consider yourself? Write here:","STEM","Yes","5","No","","","","Yes","SO","Subject2_0616_CALTECH","I do not wish to be contacted about participating in future research studies.","I consent","YES","","","","","","","","","",""
"2023/11/16 4:23:43 PM AST","JG_VTECH","29","Male","No","White caucasian","Social sciences: economics, psychology","Yes","5","No","","","","Yes","JG","JG_VTECH","I do not wish to be contacted about participating in future research studies.","I consent","YES","","","","","","","","","",""
"2023/11/21 3:46:28 PM AST","Subject1_1121_CALTECH","29","Male","","White caucasian","STEM","No","4","No","","","","Yes","SM","Subject1_1121_CALTECH ","I do not wish to be contacted about participating in future research studies.","I consent","YES","","","","","","","","","",""
"2023/11/21 3:57:21 PM AST","ross vtech","23","Male","No","American Indian or Alaska Native","STEM","Yes","1","Yes","","","","Yes","rls","ross test","I consent to having Caltech researchers contact me about other studies at Caltech that are funded by non-profit organizations, government agencies, universities, and other non-commercial entities.","I consent","YES","","","","","","","","","",""
"2023/11/21 3:58:16 PM AST","subject2_1121_CALTECH","38","Female","No","White caucasian","STEM","Yes","5","No","","","","Yes","SMNF","subject2_1121_CALTECH","I do not wish to be contacted about participating in future research studies.","I consent","YES","","","","","","","","","",""
"2023/11/21 4:09:00 PM AST","YG_VTECH","25","Female","No","","Social sciences: economics, psychology","No","3","No","","","","Yes","","YG_VTECH","I consent to having Caltech researchers contact me about other studies at Caltech that are funded by non-profit organizations, government agencies, universities, and other non-commercial entities.","I consent","YES","","","","","","","","","",""
"2023/11/21 4:09:34 PM AST","subject3_1121_caltech","24","Male","No","White caucasian","STEM","No","5","No","","","","Yes","VV","subject3_1121_caltech","I consent to having Caltech researchers contact me about any other studies at Caltech, regardless of regardless of who is funding the research.","I consent","YES","","","","","","","","","",""
"2023/11/21 4:13:01 PM AST","633ec4ab1ea0f8f0e863ae3e","22","Male","No","Black or African American","Management","Yes","5","No","","","","Yes","KF","633ec4ab1ea0f8f0e863ae3e","I consent to having Caltech researchers contact me about other studies at Caltech that are funded by non-profit organizations, government agencies, universities, and other non-commercial entities.","I consent","YES","","","","","","","","","",""
"2023/11/21 4:16:30 PM AST","  60e5eceb989f38c746723024","42","Male","No","White caucasian","STEM","Yes","5","No","","","","Yes","dl","60e5eceb989f38c746723024","I consent to having Caltech researchers contact me about other studies at Caltech that are funded by non-profit organizations, government agencies, universities, and other non-commercial entities.","I consent","YES","","","","","","","","","",""
"2023/11/21 4:23:52 PM AST","60fee7d1e674a0c1c1c7bd3d","29","Female","No","Black or African American","Criminal justice ","Yes","5","No","","","","Yes","AH","60fee7d1e674a0c1c1c7bd3d","I consent to having Caltech researchers contact me about any other studies at Caltech, regardless of regardless of who is funding the research.","I consent","YES","","","","","","","","","",""
"2023/11/21 4:28:47 PM AST","5ef78f819d93424af2af742b","42","Male","No","White caucasian","Humanities and arts","Yes","5","No","","","","Yes","WM","5ef78f819d93424af2af742b","I consent to having Caltech researchers contact me about any other studies at Caltech, regardless of regardless of who is funding the research.","I consent","YES","","","","","","","","","",""
"2023/11/30 6:32:32 PM AST","5e0413f6d62abeed46e254f6","25","Male","No","White caucasian","Humanities and arts","Yes","5","No","","","","Yes","LC","5e0413f6d62abeed46e254f6","I consent to having Caltech researchers contact me about any other studies at Caltech, regardless of regardless of who is funding the research.","I consent","YES","","","","","","","","","",""
"2023/11/30 6:35:00 PM AST","5dce29700ad506063969a4a5","40","Female","No","White caucasian","I don't have higher education studies","Yes","5","No","","","","Yes","TW","5dce29700ad506063969a4a5","I consent to having Caltech researchers contact me about any other studies at Caltech, regardless of regardless of who is funding the research.","I consent","YES","","","","","","","","","",""
"2023/11/30 6:36:45 PM AST","5920b1f62b529b00013f3214","60","Male","No","White caucasian","I don't have higher education studies","Yes","5","No","","","","Yes","WRJ","5920b1f62b529b00013f3214","I consent to having Caltech researchers contact me about other studies at Caltech that are funded by non-profit organizations, government agencies, universities, and other non-commercial entities.","I consent","YES","","","","","","","","","",""
"2023/11/30 6:47:27 PM AST","Subject1_1130","30","Male","No","White caucasian","STEM","No","5","No","","","","Yes","DL","Subject1_1130","I do not wish to be contacted about participating in future research studies.","I consent","YES","","","","","","","","","",""
"2023/11/30 6:48:30 PM AST","subject3_1130","47","Male","Yes","Asian or Asian Indian","STEM","Yes","5","No","","","","Yes","DW","subject3_1130","I consent to having Caltech researchers contact me about other studies at Caltech that are funded by non-profit organizations, government agencies, universities, and other non-commercial entities.","I consent","YES","","","","","","","","","",""
"2023/11/30 6:48:43 PM AST"," Subject2_1130","26","Male","No","Asian or Asian Indian","Social sciences: economics, psychology","No","4","No","","","","Yes","JJ","Subject_1130","I do not wish to be contacted about participating in future research studies.","I consent","YES","","","","","","","","","",""
"2023/11/30 6:49:47 PM AST","Subject4_1130","40","Male","No","White caucasian","Social sciences: economics, psychology","No","5","No","","","","Yes","RG","Subject4_1130","I do not wish to be contacted about participating in future research studies.","I consent","YES","","","","","","","","","",""
"2023/11/30 7:05:24 PM AST","5d49f28a3fefca00193319ac","30","Male","No","White caucasian","I don't have higher education studies","Yes","5","No","","","","Yes","NM","5d49f28a3fefca00193319ac","I do not wish to be contacted about participating in future research studies.","I consent","YES","","","","","","","","","",""
"2023/11/30 7:18:10 PM AST","653128aa8a36b33a1bb659f3","26","Male","No","Asian or Asian Indian","STEM","Yes","5","No","","","","Yes","JM","653128aa8a36b33a1bb659f3","I consent to having Caltech researchers contact me about other studies at Caltech that are funded by non-profit organizations, government agencies, universities, and other non-commercial entities.","I consent","YES","","","","","","","","","",""
"2023/11/30 8:02:23 PM AST","63e52076fc677ee3ccce9a4d","31","Male","No","White caucasian","Humanities and arts","Yes","5","No","","","","Yes","HR","63e52076fc677ee3ccce9a4d","I consent to having Caltech researchers contact me about other studies at Caltech that are funded by non-profit organizations, government agencies, universities, and other non-commercial entities.","I consent","YES","","","","","","","","","",""
"2023/12/01 3:04:29 AM AST","650fb70670ed79e870c2427a","19","Non-binary","Yes","White caucasian","Humanities and arts","Yes","5","No","","","","Yes","KH","650fb70670ed79e870c2427a","I consent to having Caltech researchers contact me about other studies at Caltech that are funded by non-profit organizations, government agencies, universities, and other non-commercial entities.","I consent","YES","","","","","","","","","",""
"2023/12/03 5:55:08 PM AST","653128aa8a36b33a1bb659f3","26","Male","No","Asian or Asian Indian","STEM","Yes","5","No","","","","Yes","JM","653128aa8a36b33a1bb659f3","I consent to having Caltech researchers contact me about other studies at Caltech that are funded by non-profit organizations, government agencies, universities, and other non-commercial entities.","I consent","YES","","","","","","","","","",""
"2023/12/03 11:22:08 PM AST","","","","","","","","","","","","","No","Mh","6564ca8d622e86e14ebe4127","I do not wish to be contacted about participating in future research studies.","I do not consent","","","","","","","","","","",""
"2023/12/12 8:56:31 PM AST","650fb70670ed79e870c2427a","19","I prefer not to say","No","White caucasian","Humanities and arts","Yes","5","No","","","","Yes","KH","650fb70670ed79e870c2427a","I consent to having Caltech researchers contact me about other studies at Caltech that are funded by non-profit organizations, government agencies, universities, and other non-commercial entities.","I consent","YES","","","","","","","","","",""
"2024/01/10 1:12:44 PM AST","TestMihai","34","Male","No","White caucasian","Social sciences: economics, psychology","No","5","No","","","","Yes","MT","Test Mihai","I consent to having Caltech researchers contact me about other studies at Caltech that are funded by for-profit companies and other commercial entities.","I consent","YES","","","","","","","","","",""
"2024/01/12 1:06:03 PM AST","MT","34","Male","No","White caucasian","Social sciences: economics, psychology","No","5","No","","","","Yes","MT","MT","I consent to having Caltech researchers contact me about any other studies at Caltech, regardless of regardless of who is funding the research.","I consent","YES","b. 29","a. They’ll be entered as usual","b. BUY one unit at 16.56","c. 100","d. 190","","","","",""
"2024/01/12 1:15:42 PM AST","mt","34","Male","No","","Social sciences: economics, psychology","No","5","No","","","","Yes","mt","mt","I do not wish to be contacted about participating in future research studies.","I consent","YES","c. 56","b. The SELL order will be cancelled","b. BUY one unit at 16.56","b. 110","c. 210","","","","",""
"2024/01/12 1:24:26 PM AST","MT","34","Male","No","White caucasian","Social sciences: economics, psychology","No","5","No","","","","Yes","MT","MT","I consent to having Caltech researchers contact me about other studies at Caltech that are funded by non-profit organizations, government agencies, universities, and other non-commercial entities.","I consent","YES","a. 4","b. The SELL order will be cancelled","c. SELL one unit at 16.56","a. 105","d. 190","","","","",""
"2024/01/12 2:02:28 PM AST","5c2c62542c45d400014a32e6","29","Male","Yes","Asian or Asian Indian","I don't have higher education studies","Yes","5","No","","","","Yes","AO","5c2c62542c45d400014a32e6","I consent to having Caltech researchers contact me about other studies at Caltech that are funded by non-profit organizations, government agencies, universities, and other non-commercial entities.","I consent","YES","b. 29","b. The SELL order will be cancelled","b. BUY one unit at 16.56","a. 105","a. 200","","","","",""
"2024/01/12 2:03:16 PM AST","56f0393f3f71990005d0e66d","47","Male","Yes","White caucasian","Social sciences: economics, psychology","Yes","5","No","","","","Yes","JB","56f0393f3f71990005d0e66d","I consent to having Caltech researchers contact me about other studies at Caltech that are funded by non-profit organizations, government agencies, universities, and other non-commercial entities.","I consent","YES","d. 116","a. They’ll be entered as usual","d. SELL one unit at 17.22","a. 105","a. 200","","","","",""
"2024/01/12 2:08:01 PM AST","63d18d8eafb7fb418594761a","35","Male","No","White caucasian","IT and software","Yes","5","No","","","","Yes","63d18d8eafb7fb418594761a","63d18d8eafb7fb418594761a","I consent to having Caltech researchers contact me about any other studies at Caltech, regardless of regardless of who is funding the research.","I consent","YES","c. 56","b. The SELL order will be cancelled","d. SELL one unit at 17.22","c. 100","a. 200","","","","",""
"2024/01/12 2:13:59 PM AST","63d18d8eafb7fb418594761a","35","Male","No","White caucasian","IT and software","Yes","5","No","","","","Yes","63d18d8eafb7fb418594761a","63d18d8eafb7fb418594761a","I consent to having Caltech researchers contact me about any other studies at Caltech, regardless of regardless of who is funding the research.","I consent","YES","c. 56","b. The SELL order will be cancelled","d. SELL one unit at 17.22","a. 105","a. 200","","","","",""
"2024/01/12 2:22:16 PM AST","56f0393f3f71990005d0e66d","47","Male","No","White caucasian","Social sciences: economics, psychology","Yes","5","No","","","","Yes","JB","56f0393f3f71990005d0e66d","I consent to having Caltech researchers contact me about other studies at Caltech that are funded by non-profit organizations, government agencies, universities, and other non-commercial entities.","I consent","YES","d. 116","a. They’ll be entered as usual","d. SELL one unit at 17.22","a. 105","a. 200","","","","",""
"2024/01/12 2:40:03 PM AST","56f0393f3f71990005d0e66d","47","Male","No","White caucasian","Social sciences: economics, psychology","Yes","5","No","","","","Yes","JB","56f0393f3f71990005d0e66d","I consent to having Caltech researchers contact me about other studies at Caltech that are funded by non-profit organizations, government agencies, universities, and other non-commercial entities.","I consent","YES","d. 116","a. They’ll be entered as usual","b. BUY one unit at 16.56","a. 105","a. 200","","","","",""
"2024/01/12 2:45:59 PM AST","63d18d8eafb7fb418594761a","35","Male","No","White caucasian","IT and software","Yes","5","No","","","","Yes","63d18d8eafb7fb418594761a","63d18d8eafb7fb418594761a","I consent to having Caltech researchers contact me about any other studies at Caltech, regardless of regardless of who is funding the research.","I consent","YES","c. 56","b. The SELL order will be cancelled","d. SELL one unit at 17.22","a. 105","c. 210","","","","",""
"2024/01/12 2:46:58 PM AST","63d18d8eafb7fb418594761a","35","Male","No","White caucasian","IT and software","Yes","5","No","","","","Yes","63d18d8eafb7fb418594761a","63d18d8eafb7fb418594761a","I consent to having Caltech researchers contact me about any other studies at Caltech, regardless of regardless of who is funding the research.","I consent","YES","c. 56","b. The SELL order will be cancelled","d. SELL one unit at 17.22","a. 105","c. 210","","","","",""
"2024/01/12 2:47:51 PM AST","558955ebfdf99b6bd06016c9","33","Male","No","White caucasian","STEM","Yes","5","No","","","","Yes","RB","558955ebfdf99b6bd06016c9","I consent to having Caltech researchers contact me about any other studies at Caltech, regardless of regardless of who is funding the research.","I consent","YES","c. 56","b. The SELL order will be cancelled","b. BUY one unit at 16.56","b. 110","c. 210","","","","",""
"2024/01/12 2:51:01 PM AST","5c2c62542c45d400014a32e6","29","Male","No","Asian or Asian Indian","I don't have higher education studies","Yes","5","No","","","","Yes","AO","5c2c62542c45d400014a32e6","I consent to having Caltech researchers contact me about other studies at Caltech that are funded by non-profit organizations, government agencies, universities, and other non-commercial entities.","I consent","YES","d. 116","b. The SELL order will be cancelled","b. BUY one unit at 16.56","a. 105","a. 200","","","","",""
"2024/01/12 3:01:25 PM AST","56a68b2d9ce1c0000cf89299","30","Male","Yes","White caucasian","IT and software","Yes","5","No","","","","Yes","YR","56a68b2d9ce1c0000cf89299","I consent to having Caltech researchers contact me about any other studies at Caltech, regardless of regardless of who is funding the research.","I consent","YES","c. 56","a. They’ll be entered as usual","b. BUY one unit at 16.56","d. 114","c. 210","","","","",""
"2024/01/12 3:03:30 PM AST","58a50aebbb9e0f0001aca2a7","45","Male","No","Asian or Asian Indian","STEM","Yes","5","No","","","","Yes","AM","58a50aebbb9e0f0001aca2a7","I do not wish to be contacted about participating in future research studies.","I consent","YES","b. 29","b. The SELL order will be cancelled","c. SELL one unit at 16.56","c. 100","b. 205","","","","",""
"2024/01/12 5:05:27 PM AST","5e31861e9d3234159c6cb9f7","29","Male","No","White caucasian","IT and software","Yes","5","No","","","","Yes","ZB","5e31861e9d3234159c6cb9f7","I consent to having Caltech researchers contact me about other studies at Caltech that are funded by non-profit organizations, government agencies, universities, and other non-commercial entities.","I consent","YES","c. 56","b. The SELL order will be cancelled","b. BUY one unit at 16.56","a. 105","a. 200","","","","",""
"2024/01/13 3:08:08 PM AST","5b5c3b266b25590001778ea1","41","Male","No","Asian or Asian Indian","I don't have higher education studies","Yes","5","No","","","","Yes","dd","5b5c3b266b25590001778ea1","I consent to having Caltech researchers contact me about other studies at Caltech that are funded by non-profit organizations, government agencies, universities, and other non-commercial entities.","I consent","YES","d. 116","b. The SELL order will be cancelled","b. BUY one unit at 16.56","a. 105","c. 210","","","","",""
"2024/01/13 3:10:09 PM AST","5b5c3b266b25590001778ea1","41","Male","No","Asian or Asian Indian","I don't have higher education studies","Yes","5","No","","","","Yes","dd","5b5c3b266b25590001778ea1","I consent to having Caltech researchers contact me about other studies at Caltech that are funded by non-profit organizations, government agencies, universities, and other non-commercial entities.","I consent","YES","d. 116","b. The SELL order will be cancelled","b. BUY one unit at 16.56","a. 105","c. 210","","","","",""
"2024/01/15 10:35:55 AM AST","6533e7e2d01f183d0c48caad","35","Male","No","Asian or Asian Indian","STEM","Yes","5","No","","","","Yes","M","6533e7e2d01f183d0c48caad","I consent to having Caltech researchers contact me about any other studies at Caltech, regardless of regardless of who is funding the research.","I consent","YES","d. 116","a. They’ll be entered as usual","e. Not trade","c. 100","a. 200","","","","",""
"2024/01/15 12:17:17 PM AST","6533e7e2d01f183d0c48caad","35","Male","No","Asian or Asian Indian","STEM","Yes","5","No","","","","Yes","MP","C1N76FP8","I consent to having Caltech researchers contact me about any other studies at Caltech, regardless of regardless of who is funding the research.","I consent","YES","d. 116","a. They’ll be entered as usual","e. Not trade","c. 100","a. 200","","","","",""
"2024/02/16 1:26:54 AM AST","67T","66","Non-binary","No","Native Hawaiian or Other Pacific Islander","IT and software","No","1","Yes","","","","","","","","","YES","b. 29","a. They’ll be entered as usual","c. SELL one unit at 16.56","b. 110","c. 210","","","","",""
"2024/02/16 1:33:11 AM AST","18Q","43","Male","No","What race do you consider yourself? Write here:","STEM","Yes","3","Yes","","","","","","","","","YES","b. 29","b. The SELL order will not go through","c. SELL one unit at 16.56","c. 100","a. 200","","","","",""
"2024/02/16 3:53:55 PM AST","fakeprolificid8297k3y9df","34","Female","No","Native Hawaiian or Other Pacific Islander","Social sciences: economics, psychology","Yes","2","Yes","","","","","","","","","YES","c. 56","b. The SELL order will not go through","b. BUY one unit at 16.56","c. 100","b. 205","","","","",""
"2024/02/17 8:06:15 AM AST","69E","45","Non-binary","No","Black or African American","Humanities and arts","Yes","3","Yes","","","","","","","","","YES","b. 29","a. They’ll be entered as usual","d. SELL one unit at 17.22","b. 110","b. 205","","","","",""
"2024/02/17 8:16:19 AM AST","93I","er","I prefer not to say","No","American Indian or Alaska Native","STEM","Yes","3","Yes","","","","","","","","","YES","b. 29","a. They’ll be entered as usual","d. SELL one unit at 17.22","b. 110","a. 200","","","","",""
"2024/02/17 8:18:57 AM AST","16H","wer","Female","Yes","Native Hawaiian or Other Pacific Islander","Social sciences: economics, psychology","Yes","2","No","","","","","","","","","YES","b. 29","a. They’ll be entered as usual","c. SELL one unit at 16.56","d. 114","b. 205","","","","",""
"2024/02/17 2:31:39 PM AST","51W","34","Male","No","White caucasian","Social sciences: economics, psychology","No","5","No","","","","","","","","","","","","","","","","","","",""
"2024/02/17 2:32:42 PM AST","65Z","234","Non-binary","No","Native Hawaiian or Other Pacific Islander","STEM","Yes","2","Yes","","","","","","","","","","","","","","","","","","",""
"2024/02/17 2:35:33 PM AST","13Y","34","Male","No","White caucasian","Social sciences: economics, psychology","No","5","No","","","","","","","","","","","","","","","","","","",""
"2024/02/17 2:46:50 PM AST","13Y","34","Male","No","White caucasian","Social sciences: economics, psychology","No","5","No","","","","","","","","","","","","","","","b. The SELL order will not go through","a. 105","b. BUY one unit at 16.56","b. 210","c. 56"
"2024/02/17 2:48:28 PM AST","60L","45","Non-binary","Yes","American Indian or Alaska Native","STEM","Yes","2","Yes","","","","","","","","","","","","","","","","","","",""
"2024/02/17 3:07:09 PM AST","79Q","34","I prefer not to say","No","Native Hawaiian or Other Pacific Islander","Humanities and arts","Yes","1","No","","","","","","","","","","","","","","","","","","",""
"2024/02/17 3:10:58 PM AST","11H","45","Male","","","IT and software","No","2","Yes","","","","","","","","","","","","","","","","","","",""
"2024/02/17 3:12:28 PM AST","43H","34","Male","No","White caucasian","Social sciences: economics, psychology","No","5","No","","","","","","","","","","","","","","","b. The SELL order will not go through","b. 110","b. BUY one unit at 16.56","b. 210","c. 56"
"2024/02/20 11:05:32 AM AST","81Y","23","Female","No","","IT and software","Yes","2","Yes","","","","","","","","","","","","","","","a. They’ll be entered as usual","","b. BUY one unit at 16.56","",""
"2024/02/20 11:09:18 AM AST","38J","uy","Female","No","","Humanities and arts","Yes","3","Yes","","","","","","","","","","","","","","","","","","",""
"2024/02/20 11:12:38 AM AST","40W","tt","Male","","","STEM","Yes","2","Yes","","","","","","","","","","","","","","","","","","",""
"2024/02/20 11:32:44 AM AST","65J","23","Male","Yes","","IT and software","Yes","1","Yes","","","","","","","","","","","","","","","","","","",""
"2024/02/20 11:35:08 AM AST","28U","23","Non-binary","","","STEM","Yes","2","Yes","","","","","","","","","","","","","","","","","","",""
"2024/02/20 11:36:11 AM AST","65R","23","Male","","","STEM","Yes","1","Yes","","","","","","","","","","","","","","","","","","",""
"2024/02/20 12:34:06 PM AST","22D","34","Non-binary","","","STEM","Yes","2","Yes","","","","","","","","","","","","","","","","","","",""
"2024/02/20 12:34:10 PM AST","90Z","34","Male","No","White caucasian","Social sciences: economics, psychology","No","5","No","","","","","","","","","","","","","","","b. The SELL order will not go through","b. 110","b. BUY one unit at 16.56","b. 210","c. 56"
"2024/02/20 12:48:03 PM AST","54T","34","Male","No","White caucasian","Social sciences: economics, psychology","No","5","No","","","","","","","","","","","","","","","b. The SELL order will not go through","b. 110","b. BUY one unit at 16.56","b. 210","c. 56"
"2024/02/20 12:48:14 PM AST","01D","12","Male","No","","IT and software","Yes","3","Yes","","","","","","","","","","","","","","","","","","",""
"2024/02/20 12:56:57 PM AST","TestMT","34","Male","No","White caucasian","Social sciences: economics, psychology","No","5","No","3","4","70","","","","","","","","","","","","b. The SELL order will not go through","b. 110","b. BUY one unit at 16.56","b. 210","c. 56"
"2024/02/20 1:38:08 PM AST","63cff262503b56190be3eb18","32","Female","No","White caucasian","Social sciences: economics, psychology","Yes","5","No","3","2","25","","","","","","","","","","","","b. The SELL order will not go through","b. 110","a. BUY one unit at 16.78","b. 210","d. 116"
"2024/02/20 1:39:08 PM AST","5dd2f94a238a913096c52317","41","Female","No","White caucasian","Social sciences: economics, psychology","Yes","5","No","1","1","5","","","","","","","","","","","","a. They’ll be entered as usual","a. 105","b. BUY one unit at 16.56","a. 200","c. 56"
"2024/02/20 1:39:22 PM AST","614f89a9441723072040d4de","60","Male","No","White caucasian","STEM","Yes","5","No","5","6","25","","","","","","","","","","","","a. They’ll be entered as usual","b. 110","b. BUY one unit at 16.56","b. 210","c. 56"
"2024/02/20 1:39:59 PM AST","60c4e1091b936c7b812e5af4","47","Male","No","White caucasian","Social sciences: economics, psychology","Yes","5","No","2","2","0","","","","","","","","","","","","a. They’ll be entered as usual","b. 110","b. BUY one unit at 16.56","a. 200","b. 29"
"2024/02/20 1:40:02 PM AST","5e5e623737be5e1762ad4418","23","Male","No","White caucasian","IT and software","Yes","5","No","6","6","50","","","","","","","","","","","","b. The SELL order will not go through","d. 114","c. SELL one unit at 16.56","b. 210","b. 29"
"2024/02/20 1:40:47 PM AST","629e241d171ec6698e05f149","28","Male","No","Asian or Asian Indian","I don't have higher education studies","Yes","5","No","3","2","100","","","","","","","","","","","","b. The SELL order will not go through","b. 110","b. BUY one unit at 16.56","b. 210","c. 56"
"2024/02/20 1:41:02 PM AST","561487ad7ffc8a0012812266","33","Female","No","White caucasian","STEM","Yes","5","No","3","2","30","","","","","","","","","","","","b. The SELL order will not go through","b. 110","b. BUY one unit at 16.56","b. 210","d. 116"
"2024/02/20 1:41:44 PM AST","5d4869cc692e5400197a980c","26","Male","No","White caucasian","IT and software","Yes","5","No","4","5","50","","","","","","","","","","","","b. The SELL order will not go through","a. 105","b. BUY one unit at 16.56","a. 200","c. 56"
"2024/02/20 1:42:05 PM AST","5c8db07eb1f89a0016777fe0","35","Female","No","White caucasian","I don't have higher education studies","Yes","5","No","2","3","50","","","","","","","","","","","","a. They’ll be entered as usual","c. 100","b. BUY one unit at 16.56","a. 200","b. 29"
"2024/02/20 1:42:21 PM AST","63254db937c17e8e9200fd54","27","Male","Yes","White caucasian","Business ","Yes","5","No","5","4","100","","","","","","","","","","","","b. The SELL order will not go through","a. 105","b. BUY one unit at 16.56","b. 210","d. 116"
"2024/02/20 1:43:07 PM AST","5f3d6975ef131710ed519c7a","35","Male","Yes","White caucasian","Social sciences: economics, psychology","Yes","5","No","5","4","45","","","","","","","","","","","","a. They’ll be entered as usual","c. 100","b. BUY one unit at 16.56","b. 210","b. 29"
"2024/02/20 1:43:46 PM AST","59d9d9cd8fd07a0001842484","30","Male","Yes","White caucasian","Social sciences: economics, psychology","Yes","5","No","3","5","40","","","","","","","","","","","","a. They’ll be entered as usual","b. 110","b. BUY one unit at 16.56","b. 210","d. 116"
"2024/02/20 1:43:52 PM AST","650d90ebf26334f992c31579","41","Male","Yes","What race do you consider yourself? Write here:","Humanities and arts","Yes","5","No","4","3","50","","","","","","","","","","","","a. They’ll be entered as usual","b. 110","b. BUY one unit at 16.56","b. 210","b. 29"
"2024/02/20 1:46:15 PM AST","5ecc6ffce3ca77849333e83e","44","Male","No","Asian or Asian Indian","STEM","Yes","5","No","2","3","0","","","","","","","","","","","","b. The SELL order will not go through","b. 110","b. BUY one unit at 16.56","b. 210","c. 56"
"2024/02/20 1:46:23 PM AST","62bdc30224534809032cf056","33","Male","No","Asian or Asian Indian","IT and software","Yes","5","No","5","6","100","","","","","","","","","","","","b. The SELL order will not go through","b. 110","b. BUY one unit at 16.56","b. 210","c. 56"
"2024/02/20 1:46:57 PM AST","59ac5e9f9fdf6c0001cba8bf","31","Male","No","Black or African American","IT and software","Yes","5","No","4","5","50","","","","","","","","","","","","b. The SELL order will not go through","c. 100","b. BUY one unit at 16.56","a. 200","d. 116"
"2024/02/20 1:47:01 PM AST","64c0a2d8031339ab6ec5e54a","22","Male","No","White caucasian","STEM","Yes","5","No","2","2","50","","","","","","","","","","","","a. They’ll be entered as usual","c. 100","a. BUY one unit at 16.78","c. 205","d. 116"
"2024/02/20 1:49:23 PM AST","5e2e7d79acf5fe45b62f859a","34","Female","No","Asian or Asian Indian","Education","No","5","No","4","2","20","","","","","","","","","","","","b. The SELL order will not go through","a. 105","d. SELL one unit at 17.22","b. 210","c. 56"
"2024/03/04 4:44:32 PM AST","72E","34","Non-binary","","","IT and software","Yes","2","Yes","4","4","34","","","","","","","","","","","","","","","",""
"2024/03/07 2:48:35 PM AST","5ecd4acdb218ec085c6eefe6","35","Male","No","White caucasian","Business","Yes","5","No","6","5","90","","","","","","","","","","","","","","","",""
"2024/03/07 2:48:44 PM AST","59e7d3f97f3d71000171def0","40","Male","No","White caucasian","I don't have higher education studies","Yes","5","No","1","6","100","","","","","","","","","","","","","","","",""
"2024/03/07 2:49:06 PM AST","5c1053202b16ba0001c86317","38","Male","No","Black or African American","IT and software","Yes","5","No","3","5","100","","","","","","","","","","","","","","","",""
"2024/03/07 2:49:14 PM AST","46Y","20","Male","No","White caucasian","STEM","No","5","No","5","2","50","","","","","","","","","","","","","","","",""
"2024/03/07 2:49:21 PM AST","6480bdf6d433e2e158870605","60","Female","No","White caucasian","Social sciences: economics, psychology","Yes","5","No","5","5","50","","","","","","","","","","","","","","","",""
"2024/03/07 2:49:38 PM AST","63e537a4b33c1c72be91da82","28","Male","No","White caucasian","Social sciences: economics, psychology","Yes","5","No","2","3","2","","","","","","","","","","","","","","","",""
"2024/03/07 2:49:40 PM AST","57a6d7fac6144900014a47e7","63","Female","No","White caucasian","I don't have higher education studies","Yes","5","No","4","3","25","","","","","","","","","","","","","","","",""
"2024/03/07 2:49:57 PM AST","631c8e97db06f601f81bd82f","27","Male","No","White caucasian","STEM","Yes","5","No","6","6","50","","","","","","","","","","","","","","","",""
"2024/03/07 2:50:35 PM AST","24Z","22","Female","No","Asian or Asian Indian","STEM","Yes","5","No","4","3","30","","","","","","","","","","","","","","","",""
"2024/03/07 2:50:37 PM AST","5ecd4acdb218ec085c6eefe6","35","Male","No","White caucasian","Business","Yes","5","No","6","5","90.00","","","","","","","","","","","","","","","",""
"2024/03/07 2:51:07 PM AST","57a6d7fac6144900014a47e7","63","Female","No","White caucasian","I don't have higher education studies","Yes","5","No","4","3","25","","","","","","","","","","","","","","","",""
"2024/03/07 2:51:20 PM AST","5c1053202b16ba0001c86317","38","Male","No","Black or African American","IT and software","Yes","5","No","3","5","100","","","","","","","","","","","","","","","",""
"2024/03/07 2:51:25 PM AST","5ed543442db0060a955d12e1","35","Male","No","Asian or Asian Indian","IT and software","No","5","No","3","3","40","","","","","","","","","","","","","","","",""
"2024/03/07 2:51:38 PM AST","631c8e97db06f601f81bd82f","27","Male","No","White caucasian","STEM","Yes","5","No","6","7","50","","","","","","","","","","","","","","","",""
"2024/03/07 2:52:11 PM AST","24O","21","Male","No","White caucasian","STEM","Yes","5","No","2","3","70","","","","","","","","","","","","","","","",""
"2024/03/07 2:52:16 PM AST","16W","20","Male","Yes","White caucasian","STEM","Yes","5","No","5","4","50","","","","","","","","","","","","","","","",""
"2024/03/07 2:52:50 PM AST","6234d77291179c1badffad36","29","Male","No","White caucasian","IT and software","Yes","5","No","7","7","500","","","","","","","","","","","","","","","",""
"2024/03/07 2:53:09 PM AST","65d942ce4ea2fe978c283416","57","Female","No","White caucasian","Humanities and arts","Yes","5","No","5","5","40","","","","","","","","","","","","","","","",""
"2024/03/07 2:53:22 PM AST","5d88db42c1d06e001a1fdcab","49","Female","No","White caucasian","Social sciences: economics, psychology","Yes","5","No","2","2","25","","","","","","","","","","","","","","","",""
"2024/03/07 2:54:13 PM AST","41X","19","Female","No","Asian or Asian Indian","STEM","No","5","No","5","5","$40","","","","","","","","","","","","","","","",""
"2024/03/07 2:54:51 PM AST","5d453e8723a5bb0001492546","30","Male","No","White caucasian","STEM","Yes","5","No","5","4","100","","","","","","","","","","","","","","","",""
"2024/03/07 2:55:11 PM AST","6517301b6d21d25e19c7e501","50","Male","No","White caucasian","Social sciences: economics, psychology","Yes","5","No","6","5","60","","","","","","","","","","","","","","","",""
"2024/03/07 2:55:57 PM AST","5c1053202b16ba0001c86317","38","Male","No","Black or African American","IT and software","Yes","5","No","3","5","100","","","","","","","","","","","","","","","",""
"2024/03/07 2:56:17 PM AST","6287a8c4a6303ff156cd0853","60","Male","No","White caucasian","I don't have higher education studies","Yes","5","No","3","2","25","","","","","","","","","","","","","","","",""
"2024/03/07 2:56:26 PM AST","6517301b6d21d25e19c7e501","50","Male","No","White caucasian","Social sciences: economics, psychology","Yes","5","No","6","5","60","","","","","","","","","","","","","","","",""
"2024/03/07 2:57:50 PM AST","77U","50","Female","Yes","What race do you consider yourself? Write here:","I don't have higher education studies","No","5","No","4","4","50","","","","","","","","","","","","","","","",""
"2024/03/07 2:58:15 PM AST","5d012930cfeb82001817c9c9","33","Female","No","Asian or Asian Indian","Humanities and arts","Yes","5","No","2","3","0","","","","","","","","","","","","","","","",""
"2024/03/07 2:59:04 PM AST","6517301b6d21d25e19c7e501","50","Male","No","White caucasian","Social sciences: economics, psychology","Yes","5","No","6","5","60","","","","","","","","","","","","","","","",""
"2024/03/07 2:59:09 PM AST","76J","22","Female","No","Asian or Asian Indian","IT and software","Yes","5","No","3","2","50","","","","","","","","","","","","","","","",""
"2024/03/12 9:53:29 AM AST","93I","we","Non-binary","Yes","Native Hawaiian or Other Pacific Islander","IT and software","Yes","1","Yes","3","3","asd","","","","","","","","","","","","","","","",""
"2024/03/12 9:55:44 AM AST","21G","we","Non-binary","Yes","Native Hawaiian or Other Pacific Islander","I don't have higher education studies","Yes","1","Yes","6","7","we","","","","","","","","","","","","","","","",""
"2024/03/14 1:41:21 PM AST","600f9342e7bc5518fa9ca92a","19","Male","No","Asian or Asian Indian","business","Yes","5","No","4","5","60","","","","","","","","","","","","","","","",""
"2024/03/14 1:42:17 PM AST","646f77d9a7d75c8264dba865","55","Male","No","White caucasian","I don't have higher education studies","Yes","5","No","5","3","100","","","","","","","","","","","","","","","",""
"2024/03/14 1:43:49 PM AST","564d1fedb48dec0005b5191d","48","Male","No","White caucasian","STEM","Yes","5","No","5","4","50","","","","","","","","","","","","","","","",""
"2024/03/14 1:43:55 PM AST","5f7529755aaa0e1a6e804640","48","Male","No","White caucasian","Social sciences: economics, psychology","Yes","5","No","5","5","50","","","","","","","","","","","","","","","",""
"2024/03/14 1:44:48 PM AST","568e7e33e3ef9e000da202a7","58","Female","No","White caucasian","I don't have higher education studies","Yes","5","No","3","2","50","","","","","","","","","","","","","","","",""
"2024/03/14 1:45:30 PM AST","56f9364e895094000c8f4967","40","Male","No","White caucasian","IT and software","Yes","3","No","2","2","10","","","","","","","","","","","","","","","",""
"2024/03/14 1:45:30 PM AST","60ff7c8f4f066ccf6fe05587","27","Female","Yes","White caucasian","Social sciences: economics, psychology","Yes","5","No","3","1","50","","","","","","","","","","","","","","","",""
"2024/03/14 1:46:32 PM AST","65a2bc0d60b1e46f4e1d3cc8","51","Male","No","White caucasian","I don't have higher education studies","Yes","5","No","2","2","25","","","","","","","","","","","","","","","",""
"2024/03/14 1:47:17 PM AST","657322bd0c81d1e8853d38e8","29","Male","No","Asian or Asian Indian","STEM","Yes","5","No","6","5","100","","","","","","","","","","","","","","","",""
"2024/03/14 1:47:22 PM AST","615252fe3ac6a44f68bdc779","28","Female","No","Black or African American","Humanities and arts","Yes","5","No","2","1","0","","","","","","","","","","","","","","","",""
"2024/03/14 1:49:13 PM AST","5669ac845bd4ff0011159b4a","43","Female","No","White caucasian","Humanities and arts","Yes","5","No","5","3","100","","","","","","","","","","","","","","","",""
"2024/03/14 1:49:35 PM AST","65c128df79c460e6c2c07adc","33","Female","Yes","Black or African American","Humanities and arts","Yes","5","No","4","3","50","","","","","","","","","","","","","","","",""
"2024/03/14 1:50:31 PM AST","90H","25","Female","No","","STEM","Yes","5","No","3","2","20","","","","","","","","","","","","","","","",""
"2024/03/14 1:50:52 PM AST","10Q","26","Male","Yes","White caucasian","STEM","No","4","No","4","2","75","","","","","","","","","","","","","","","",""
"2024/03/14 1:52:39 PM AST","60X","18","Female","No","White caucasian","STEM","Yes","5","No","5","3","25","","","","","","","","","","","","","","","",""
"2024/03/14 1:52:46 PM AST","44L","24","I prefer not to say","No","What race do you consider yourself? Write here:","STEM","Yes","5","No","3","4","$25","","","","","","","","","","","","","","","",""
"2024/03/14 1:57:45 PM AST","81F","18","Female","No","Asian or Asian Indian","STEM","Yes","5","No","4","2","10","","","","","","","","","","","","","","","",""
"2024/03/14 2:01:02 PM AST","67V","31","Female","No","Asian or Asian Indian","STEM","No","4","No","2","2","50","","","","","","","","","","","","","","","",""
"2024/03/14 2:02:29 PM AST","6554ea58c859388bc801973c","39","Female","No","What race do you consider yourself? Write here:","I don't have higher education studies","Yes","5","No","2","1","10","","","","","","","","","","","","","","","",""
"2024/03/14 2:03:23 PM AST","5c3151aa0cfe9a00012f6f3f","41","Female","No","White caucasian","I don't have higher education studies","Yes","5","No","3","1","35","","","","","","","","","","","","","","","",""
"2024/04/02 10:01:20 PM AST","38W","44","Non-binary","","","STEM","Yes","1","No","3","3","56","","","","","","","","","","","","","","","",""
"2024/04/04 3:13:30 PM AST","63868eb7abcf3f247da6f52b","55","Female","No","White caucasian","Humanities and arts","Yes","5","No","2","3","25","","","","","","","","","","","","","","","",""
"2024/04/04 3:13:32 PM AST","47R","33","Male","No","White caucasian","STEM","Yes","5","No","4","3","50","","","","","","","","","","","","","","","",""
"2024/04/04 3:14:35 PM AST","63d15e1be853005ff591b935","44","Male","No","White caucasian","Humanities and arts","Yes","5","No","6","5","25","","","","","","","","","","","","","","","",""
"2024/04/04 3:15:26 PM AST","5e1545d9b1fb05b6369d13e8","48","Female","Yes","White caucasian","Humanities and arts","Yes","5","No","2","2","10","","","","","","","","","","","","","","","",""
"2024/04/04 3:15:55 PM AST","07C","19","Male","No","Asian or Asian Indian","STEM","Yes","5","No","5","4","50","","","","","","","","","","","","","","","",""
"2024/04/04 3:16:52 PM AST","64d5219df0415c9a7c609c19","48","Male","No","White caucasian","Business Managment","Yes","5","No","3","2","20","","","","","","","","","","","","","","","",""
"2024/04/04 3:17:38 PM AST","63e576170eb086a90644efb4","37","Non-binary","No","Asian or Asian Indian","STEM","Yes","5","No","2","4","30","","","","","","","","","","","","","","","",""
"2024/04/04 3:18:39 PM AST","655fa05b1303f59972ea6555","32","Female","No","Black or African American","Social sciences: economics, psychology","Yes","5","No","1","1","50","","","","","","","","","","","","","","","",""
"2024/04/04 3:20:40 PM AST","5eb5f6d5e38e9f4e6c8dde3f","25","Female","No","White caucasian","arts","Yes","5","No","6","7","50","","","","","","","","","","","","","","","",""
"2024/04/04 3:20:43 PM AST","5bf311373a5bf00001401f64","37","Male","No","Black or African American","I don't have higher education studies","Yes","5","No","3","3","30","","","","","","","","","","","","","","","",""
"2024/04/04 3:21:44 PM AST","612517df29cd32c6632b4a44","56","Female","No","White caucasian","Humanities and arts","Yes","5","No","3","3","20","","","","","","","","","","","","","","","",""
"2024/04/04 3:21:56 PM AST","31O","18","Male","No","Asian or Asian Indian","IT and software","Yes","4","No","6","2","100","","","","","","","","","","","","","","","",""
"2024/04/04 3:24:47 PM AST","65f4ab7884f8411c9e11a34e","31","Male","No","White caucasian","Humanities and arts","Yes","5","No","3","3","30","","","","","","","","","","","","","","","",""
"2024/04/04 3:26:16 PM AST","5e8b32ec2c33ae7f20a0b401","62","Female","No","Asian or Asian Indian","biology","No","5","No","3","3","25","","","","","","","","","","","","","","","",""
"2024/04/04 3:29:59 PM AST","63X","26","Female","No","Asian or Asian Indian","STEM","No","4","No","5","3","70 ","","","","","","","","","","","","","","","",""
"2024/06/04 10:30:18 AM AST","343g6dp8_01B","56","Non-binary","No","Black or African American","IT and software","Yes","1","Yes","3","3","100","","","","","","","","","","","","","","","",""
"2024/06/04 10:55:18 AM AST","t8osyu7s_80B","78","I prefer not to say","No","Asian or Asian Indian","STEM","Yes","1","Yes","5","6","45","","","","","","","","","","","","","","","",""
"2024/06/04 2:12:57 PM AST","65771b60491a7f2586a8e76e","49","Female","No","White caucasian","STEM","Yes","5","No","7","6","100","","","","","","","","","","","","","","","",""
"2024/06/04 2:12:58 PM AST","6646002255b1bdcfe331c5c4","24","Female","Yes","White caucasian","Humanities and arts","Yes","5","No","3","3","25","","","","","","","","","","","","","","","",""
"2024/06/04 2:15:08 PM AST","5c56964991c0ad0001cfa5ae","35","Male","Yes","White caucasian","Humanities and arts","Yes","5","No","4","4","30","","","","","","","","","","","","","","","",""
"2024/06/04 2:15:15 PM AST","664639dd4711fff56d77ada4","30","Male","No","Asian or Asian Indian","STEM","Yes","5","No","5","5","0","","","","","","","","","","","","","","","",""
"2024/06/04 2:16:38 PM AST","5c56964991c0ad0001cfa5ae","35","Male","Yes","White caucasian","Humanities and arts","Yes","5","No","4","4","30","","","","","","","","","","","","","","","",""
"2024/06/04 2:16:40 PM AST","632a1ae0d2c0c28e680e9c5a","39","Male","No","White caucasian","I don't have higher education studies","Yes","5","No","5","4","50","","","","","","","","","","","","","","","",""
"2024/06/04 2:17:44 PM AST","6090578fb2299eacaec32b7a","29","Female","No","Asian or Asian Indian","I don't have higher education studies","Yes","5","No","2","2","25","","","","","","","","","","","","","","","",""
"2024/06/04 2:18:41 PM AST","5e9f3f09ccc75a0c345e4845","65","Female","No","White caucasian","education","Yes","5","No","2","3","10","","","","","","","","","","","","","","","",""
"2024/06/04 2:18:42 PM AST","652bec7edafaf7eb52260adc","35","Male","No","Asian or Asian Indian","Humanities and arts","Yes","5","No","5","6","80","","","","","","","","","","","","","","","",""
"2024/06/04 2:18:44 PM AST","59966e89a2bbe000018834b8","29","Female","No","Asian or Asian Indian","STEM","Yes","5","No","3","6","100","","","","","","","","","","","","","","","",""
"2024/06/04 2:19:02 PM AST","6638e8aa3d1f38846080806a","25","Male","Yes","White caucasian","IT and software","Yes","5","No","5","5","50","","","","","","","","","","","","","","","",""
"2024/06/04 2:19:43 PM AST","647e0f22b1d466181ae694c4","58","Female","Yes","Asian or Asian Indian","Office administrative","No","3","No","4","3","0","","","","","","","","","","","","","","","",""
"2024/06/04 2:20:14 PM AST","vbm55dq7_28W","27","Male","No","White caucasian","STEM","Yes","5","No","4","7","100","","","","","","","","","","","","","","","",""
"2024/06/04 2:21:15 PM AST","66463e4efb99fba5a67a010a","30","Male","No","Black or African American","IT and software","Yes","5","No","6","5","67","","","","","","","","","","","","","","","",""
"2024/06/04 2:21:40 PM AST","vbm55dq7_96M","52","Male","No","Asian or Asian Indian","STEM","Yes","5","No","2","2","20","","","","","","","","","","","","","","","",""
"2024/06/04 2:22:46 PM AST","vbm55dq7_63A","29","Male","No","Asian or Asian Indian","STEM","Yes","5","No","2","3","50","","","","","","","","","","","","","","","",""
"2024/06/04 2:24:09 PM AST","vbm55dq7_92P","27","Female","No","White caucasian","STEM","Yes","5","No","1","1","50","","","","","","","","","","","","","","","",""
"2024/06/04 2:24:16 PM AST","664299802cd8985e29fc6573","44","Female","No","White caucasian","Humanities and arts","Yes","5","No","1","1","25","","","","","","","","","","","","","","","",""
"2024/06/04 2:24:42 PM AST","62b0ff84054c6ca32f481c65","45","Female","No","White caucasian","I don't have higher education studies","Yes","5","No","4","4","40","","","","","","","","","","","","","","","",""
"2024/06/04 2:24:43 PM AST","6639294aecf47d087656fe71","41","Female","No","White caucasian","I don't have higher education studies","Yes","5","No","5","3","100","","","","","","","","","","","","","","","",""
"2024/06/04 2:25:30 PM AST","62e19208352cd518d7b2f085","35","Male","No","White caucasian","I don't have higher education studies","Yes","5","No","5","4","50","","","","","","","","","","","","","","","",""
"2024/06/04 2:26:07 PM AST","vbm55dq7_60Q","23","Male","No","White caucasian","STEM","Yes","5","No","3","2","0","","","","","","","","","","","","","","","",""
"2024/06/04 2:26:23 PM AST","vbm55dq7_55W","26","Male","Yes","White caucasian","Chemistry","No","4","No","4","3","50","","","","","","","","","","","","","","","",""
"2024/06/04 2:26:30 PM AST","5fb8c064339ea562edc00d73","32","Female","No","White caucasian","I don't have higher education studies","Yes","5","No","3","3","50","","","","","","","","","","","","","","","",""
"2024/06/20 1:02:48 PM AST","5d19281012e152001920227f","36","Male","No","Asian or Asian Indian","STEM","Yes","5","No","6","6","80","","","","","","","","","","","","","","","",""
"2024/06/20 1:10:37 PM AST","56f1d53bf2df32000b8f3748","38","Male","No","White caucasian","I don't have higher education studies","Yes","5","No","2","2","0","","","","","","","","","","","","","","","",""
"2024/06/20 1:11:16 PM AST","653703627539f3a8b2ed4af3","44","Male","No","White caucasian","STEM","Yes","5","No","4","4","60","","","","","","","","","","","","","","","",""
"2024/06/20 1:12:21 PM AST","5dce29700ad506063969a4a5","40","Female","No","White caucasian","I don't have higher education studies","Yes","5","No","4","4","20","","","","","","","","","","","","","","","",""
"2024/06/20 1:12:26 PM AST","5a95a63e4eecca0001dd4cfa","27","Male","No","Black or African American","I don't have higher education studies","Yes","5","No","1","1","0","","","","","","","","","","","","","","","",""
"2024/06/20 1:13:27 PM AST","659daa1ed4e13d6428103c1f","59","Female","No","Asian or Asian Indian","Humanities and arts","No","5","No","4","4","50","","","","","","","","","","","","","","","",""
"2024/06/20 1:14:20 PM AST","663ed306e45b308e3a7b1f8d","41","Male","No","White caucasian","I don't have higher education studies","Yes","5","No","5","5","50","","","","","","","","","","","","","","","",""
"2024/06/20 1:15:03 PM AST","5f504fd2cc049d1cbf29c40d","31","Male","No","Black or African American","I don't have higher education studies","Yes","5","No","5","5","40","","","","","","","","","","","","","","","",""
"2024/06/20 1:15:04 PM AST","651c4484ba17050f6b716614","30","Male","Yes","White caucasian","I don't have higher education studies","Yes","5","No","7","7","100","","","","","","","","","","","","","","","",""
"2024/06/20 1:16:44 PM AST","59894fbbda239a0001fb8e16","64","Female","No","White caucasian","Social sciences: economics, psychology","Yes","5","No","5","5","20","","","","","","","","","","","","","","","",""
"2024/06/20 1:16:57 PM AST","612962f44f151ddfd0298c52","64","Male","No","White caucasian","I don't have higher education studies","Yes","5","No","4","5","10","","","","","","","","","","","","","","","",""
"2024/06/20 1:18:02 PM AST","6642bc68a8130f486d2ae4b0","35","Male","No","White caucasian","IT and software","Yes","5","No","5","5","50","","","","","","","","","","","","","","","",""
"2024/06/20 1:20:44 PM AST","65ef1b4257164ebb8e1db886","34","Female","No","White caucasian","accounting","Yes","5","No","3","5","50","","","","","","","","","","","","","","","",""
"2024/06/20 1:21:13 PM AST","4vs1ljv7_03Q","24","Male","No","Asian or Asian Indian","STEM","Yes","5","No","5","5","80","","","","","","","","","","","","","","","",""
"2024/06/20 1:23:49 PM AST","632b947efa9da6a9bde31f94","45","Male","No","Black or African American","STEM","Yes","5","No","7","7","80","","","","","","","","","","","","","","","",""
"2024/06/20 1:24:17 PM AST","4vs1ljv7_89Z","34","Male","No","Asian or Asian Indian","STEM","No","5","No","3","3","50","","","","","","","","","","","","","","","",""
"2024/06/20 1:26:00 PM AST","4vs1ljv7_33S","26","Male","No","White caucasian","STEM","No","5","No","5","4","60","","","","","","","","","","","","","","","",""
"2024/06/20 1:27:20 PM AST","4vs1ljv7_33G","23","Male","Yes","White caucasian","STEM","Yes","5","No","6","5","20","","","","","","","","","","","","","","","",""
"2024/06/20 1:28:33 PM AST","60f5f8769fc9289a9e518129","37","Female","No","White caucasian","Social sciences: economics, psychology","Yes","5","No","2","1","25","","","","","","","","","","","","","","","",""
"2024/06/20 1:31:40 PM AST","4vs1ljv7_09T","51","Female","No","Asian or Asian Indian","Social sciences: economics, psychology","No","5","No","3","2","50","","","","","","","","","","","","","","","",""
"2024/06/20 1:32:14 PM AST","6655e4f304ea91b8ecb46edc","30","Female","Yes","White caucasian","I don't have higher education studies","Yes","5","No","6","5","100","","","","","","","","","","","","","","","",""
"2024/06/20 1:33:18 PM AST","613e77b91fc96b58404a4584","53","Female","No","Black or African American","Social sciences: economics, psychology","Yes","5","No","3","6","100","","","","","","","","","","","","","","","",""
"2024/06/20 1:33:21 PM AST","66601438206fb7fc6c48a81f","31","Female","No","White caucasian","Business management","Yes","5","No","6","6","50","","","","","","","","","","","","","","","",""
"2024/06/20 1:35:17 PM AST","4vs1ljv7_69G","50","Female","No","Asian or Asian Indian","Humanities and arts","Yes","5","No","2","3","50","","","","","","","","","","","","","","","",""
"2024/07/02 1:41:36 PM AST","6679a7429f703992d1619bdc","20","Female","No","White caucasian","Social sciences: economics, psychology","Yes","5","No","5","3","50","","","","","","","","","","","","","","","",""
"2024/07/02 1:44:06 PM AST","664d22bd125af12d9d859875","20","Male","No","White caucasian","IT and software","Yes","5","No","3","2","25","","","","","","","","","","","","","","","",""
"2024/07/02 1:44:37 PM AST","660452d6f4aa3a41d687885b","52","Female","No","Asian or Asian Indian","Humanities and arts","Yes","5","No","2","2","30","","","","","","","","","","","","","","","",""
"2024/07/02 1:45:03 PM AST","62cd43d66c2dd7ae9ab53ae7","37","Male","Yes","White caucasian","IT and software","Yes","5","No","4","3","50","","","","","","","","","","","","","","","",""
"2024/07/02 1:45:06 PM AST","559c3b0efdf99b32b6963e81","34","Male","No","White caucasian","AA","Yes","5","No","1","1","0","","","","","","","","","","","","","","","",""
"2024/07/02 1:45:52 PM AST","r0fz6tf4_57R","19","Male","No","Asian or Asian Indian","IT and software","Yes","5","No","6","5","65","","","","","","","","","","","","","","","",""
"2024/07/02 1:46:18 PM AST","665ca5c19424301a3658f79c","50","Female","No","White caucasian","Social sciences: economics, psychology","Yes","5","No","3","2","10","","","","","","","","","","","","","","","",""
"2024/07/02 1:46:26 PM AST","5c95493ddd325800166f838a","43","Female","No","White caucasian","Social sciences: economics, psychology","No","4","No","2","2","0","","","","","","","","","","","","","","","",""
"2024/07/02 1:47:32 PM AST","6605c7c89ba2e71bdfa91861","46","Male","No","White caucasian","IT and software","Yes","5","No","3","5","0","","","","","","","","","","","","","","","",""
"2024/07/02 1:47:57 PM AST","5658000ca9872d0011e1ba26","34","Male","No","White caucasian","I don't have higher education studies","Yes","5","No","1","1","0","","","","","","","","","","","","","","","",""
"2024/07/02 1:48:05 PM AST","663a63f7d07fee78a65a31a6","34","Female","Yes","White caucasian","Humanities and arts","Yes","5","No","6","3","20","","","","","","","","","","","","","","","",""
"2024/07/02 1:48:16 PM AST","56e8bf5a870a8e000b4a8d6e","41","Male","No","White caucasian","Humanities and arts","Yes","5","No","3","2","0","","","","","","","","","","","","","","","",""
"2024/07/02 1:48:27 PM AST","56f9364e895094000c8f4967","40","Male","No","White caucasian","IT and software","Yes","5","No","2","2","50","","","","","","","","","","","","","","","",""
"2024/07/02 1:48:35 PM AST","r0fz6tf4_03A","24","Male","No","White caucasian","STEM","Yes","5","No","3","5","50","","","","","","","","","","","","","","","",""
"2024/07/02 1:49:14 PM AST","65a2bc0d60b1e46f4e1d3cc8","51","Male","No","White caucasian","I don't have higher education studies","Yes","5","No","4","4","25","","","","","","","","","","","","","","","",""
"2024/07/02 1:49:33 PM AST","65cce024500351e8c8f7ff26","40","Female","No","Asian or Asian Indian","Humanities and arts","Yes","5","No","2","2","30","","","","","","","","","","","","","","","",""
"2024/07/02 1:49:59 PM AST","5cc5e72ce3c44e0015fdf990","30","Non-binary","No","White caucasian","Humanities and arts","Yes","5","No","5","3","25","","","","","","","","","","","","","","","",""
"2024/07/02 1:51:20 PM AST","r0fz6tf4_25L","19","Female","No","White caucasian","STEM","Yes","4","Yes","5","3","20","","","","","","","","","","","","","","","",""
"2024/07/02 1:51:30 PM AST","6569e36fbfc7a701e7446cd7","33","Male","No","Black or African American","Social sciences: economics, psychology","Yes","5","No","5","5","50","","","","","","","","","","","","","","","",""
"2024/07/02 1:54:18 PM AST","5c3e82e91580e9000122d204","39","Male","No","Asian or Asian Indian","IT and software","No","5","No","3","4","70","","","","","","","","","","","","","","","",""
"2024/07/02 1:54:43 PM AST","63bd81516745e78ee7f50f7f","34","Female","Yes","White caucasian","graphic design","No","5","No","5","5","50","","","","","","","","","","","","","","","",""
"2024/07/02 2:01:01 PM AST","r0fz6tf4_60W","18","Male","Yes","Asian or Asian Indian","STEM","Yes","5","No","5","4","50","","","","","","","","","","","","","","","",""
"2024/07/02 2:09:45 PM AST","62fba37f3560a85b4eb94aac","46","Male","No","White caucasian","I don't have higher education studies","Yes","5","No","3","2","30","","","","","","","","","","","","","","","",""
"2024/07/03 1:12:06 PM AST","651c4484ba17050f6b716614","30","Male","Yes","White caucasian","I don't have higher education studies","Yes","5","No","6","6","100","","","","","","","","","","","","","","","",""
"2024/07/03 1:13:20 PM AST","63e802622f8052bd67d6c5f0","24","Male","No","White caucasian","I don't have higher education studies","Yes","5","No","7","4","50","","","","","","","","","","","","","","","",""
"2024/07/03 1:13:38 PM AST","656e8efb6e6610ae2d831f07","34","Female","No","White caucasian","I don't have higher education studies","Yes","5","No","4","2","50","","","","","","","","","","","","","","","",""
"2024/07/03 1:15:24 PM AST","62cd43d66c2dd7ae9ab53ae7","37","Male","Yes","White caucasian","IT and software","Yes","5","No","5","5","50","","","","","","","","","","","","","","","",""
"2024/07/03 1:17:20 PM AST","r46wgr8m_46C","24","Male","No","Asian or Asian Indian","STEM","Yes","5","No","5","3","50","","","","","","","","","","","","","","","",""
"2024/07/03 1:17:32 PM AST","r46wgr8m_10G","32","Male","No","White caucasian","Social sciences: economics, psychology","Yes","5","No","4","1","75","","","","","","","","","","","","","","","",""
"2024/07/03 1:17:42 PM AST","60b69129f584ee4e38acf2a0","44","Male","No","Black or African American","Business","Yes","5","No","4","3","50.00","","","","","","","","","","","","","","","",""
"2024/07/03 1:19:50 PM AST","r46wgr8m_66K","24","Female","No","White caucasian","STEM","Yes","5","No","1","2","25","","","","","","","","","","","","","","","",""
"2024/07/03 1:20:24 PM AST","5ffe235ea848b74a3b3ccd07","40","Male","No","White caucasian","STEM","Yes","5","No","4","3","0","","","","","","","","","","","","","","","",""
"2024/07/03 1:21:03 PM AST","63e885e4e1fc973179d56f63","42","Female","No","White caucasian","business administration","Yes","5","No","3","3","50","","","","","","","","","","","","","","","",""
"2024/07/03 1:21:19 PM AST","r46wgr8m_15R","43","Female","No","White caucasian","Humanities and arts","Yes","5","No","6","5","35","","","","","","","","","","","","","","","",""
"2024/07/03 1:22:55 PM AST","r46wgr8m_17T","30","Male","No","Asian or Asian Indian","STEM","Yes","5","Yes","5","5","75","","","","","","","","","","","","","","","",""
"2024/07/03 1:27:07 PM AST","r46wgr8m_69D","25","Female","No","Asian or Asian Indian","STEM","No","3","No","4","3","60","","","","","","","","","","","","","","","",""
"2024/07/03 1:29:56 PM AST","665dd4ef9ba81d499d675de5","24","Male","No","What race do you consider yourself? Write here:","IT and software","Yes","5","No","6","5","20","","","","","","","","","","","","","","","",""
"2024/07/03 1:32:33 PM AST","664536a6f1ea02e2f415a56b","45","Female","No","White caucasian","Social sciences: economics, psychology","Yes","5","No","2","2","10","","","","","","","","","","","","","","","",""
"2024/07/03 1:33:06 PM AST","6554ea27378d1f1b846788b3","25","Male","No","Black or African American","Social sciences: economics, psychology","Yes","5","No","7","5","50","","","","","","","","","","","","","","","",""
"2024/07/08 4:11:43 PM AST","66759eb2274a4f10deeba339","25","Male","Yes","Native Hawaiian or Other Pacific Islander","IT and software","Yes","5","No","5","5","50","","","","","","","","","","","","","","","",""
"2024/07/08 4:14:11 PM AST","5e3adfc595ff562fbdd130fa","37","Male","No","White caucasian","I don't have higher education studies","Yes","5","No","2","1","0","","","","","","","","","","","","","","","",""
"2024/07/08 4:15:28 PM AST","5e050b28c76aa6f62aa71c50","34","Female","No","White caucasian","IT and software","Yes","5","No","4","4","50","","","","","","","","","","","","","","","",""
"2024/07/08 4:15:55 PM AST","ao7syclg_98A","20","Male","No","Asian or Asian Indian","STEM","Yes","5","No","5","5","100","","","","","","","","","","","","","","","",""
"2024/07/08 4:17:26 PM AST","6654b7668e8642303bbc2fa7","41","Female","No","White caucasian","Social sciences: economics, psychology","Yes","5","No","5","2","50","","","","","","","","","","","","","","","",""
"2024/07/08 4:18:03 PM AST","5e06ecd524f9390991997bb7","29","Female","No","White caucasian","Social sciences: economics, psychology","Yes","5","No","2","2","0","","","","","","","","","","","","","","","",""
"2024/07/08 4:18:13 PM AST","665f2bff5d2a93a43162960f","23","Male","No","Asian or Asian Indian","STEM","No","5","No","5","3","60","","","","","","","","","","","","","","","",""
"2024/07/08 4:19:56 PM AST","664499169568969244950bf4","28","Male","No","Black or African American","STEM","Yes","5","No","6","7","70","","","","","","","","","","","","","","","",""
"2024/07/08 4:21:36 PM AST","ao7syclg_72T","29","Male","No","Asian or Asian Indian","STEM","Yes","4","No","2","3","100","","","","","","","","","","","","","","","",""
"2024/07/08 4:22:32 PM AST","ao7syclg_05Z","20","Male","No","Asian or Asian Indian","IT and software","Yes","5","No","5","5","100","","","","","","","","","","","","","","","",""
"2024/07/08 4:23:10 PM AST","627809c52874925390a423a6","32","Female","No","White caucasian","Social sciences: economics, psychology","Yes","5","No","4","3","25","","","","","","","","","","","","","","","",""
"2024/07/08 4:23:12 PM AST","ao7syclg_49A","19","Male","No","Asian or Asian Indian","STEM","Yes","5","No","5","5","100","","","","","","","","","","","","","","","",""
"2024/07/08 4:23:50 PM AST","5ee5e3b02eebe932ee9559c5","34","Male","No","White caucasian","Humanities and arts","Yes","5","No","3","3","50","","","","","","","","","","","","","","","",""
"2024/07/08 4:25:55 PM AST","666303d485d352f6067b1f38","28","Male","No","Black or African American","Engineering","Yes","5","No","6","6","70","","","","","","","","","","","","","","","",""
"2024/07/08 4:26:23 PM AST","5f7529755aaa0e1a6e804640","48","Male","No","White caucasian","Social sciences: economics, psychology","Yes","5","No","5","5","50","","","","","","","","","","","","","","","",""
"2024/07/08 4:27:25 PM AST","ao7syclg_95Z","23","Male","No","Asian or Asian Indian","STEM","Yes","5","No","6","6","100","","","","","","","","","","","","","","","",""
"2024/07/08 4:28:38 PM AST","661b3eeea891251d71cf97d5","32","Male","Yes","Black or African American","Social sciences: economics, psychology","Yes","5","No","6","4","100","","","","","","","","","","","","","","","",""
"2024/07/08 4:29:48 PM AST","ao7syclg_07P","20","Female","No","White caucasian","STEM","Yes","5","No","1","3","100","","","","","","","","","","","","","","","",""
"2024/07/08 4:32:40 PM AST","664b804f02ee82829c916d49","25","Male","","Black or African American","Social sciences: economics, psychology","Yes","5","No","5","5","100","","","","","","","","","","","","","","","",""
"2024/07/09 4:14:21 PM AST","5885f97f41da4500014d3645","25","Male","No","Asian or Asian Indian","Humanities and arts","Yes","5","No","2","4","60","","","","","","","","","","","","","","","",""
"2024/07/09 4:15:01 PM AST","5c9623dd35599200175642e4","46","Female","No","White caucasian","IT and software","Yes","5","No","5","5","80","","","","","","","","","","","","","","","",""
"2024/07/09 4:17:22 PM AST","65412ca42e0e2fbb27b8a7b2","18","Male","No","Asian or Asian Indian","STEM","Yes","5","No","4","4","20","","","","","","","","","","","","","","","",""
"2024/07/09 4:17:39 PM AST","5700616b8a49c7000d0c73ad","36","Female","No","White caucasian","Social sciences: economics, psychology","Yes","0","No","3","3","40","","","","","","","","","","","","","","","",""
"2024/07/09 4:17:44 PM AST","667b5427190429e5c81518f2","36","Female","No","White caucasian","Social sciences: economics, psychology","Yes","5","No","5","5","0","","","","","","","","","","","","","","","",""
"2024/07/09 4:18:10 PM AST","667b252c7a8e4a841804560d","27","Male","No","White caucasian","Social sciences: economics, psychology","Yes","5","No","4","7","100","","","","","","","","","","","","","","","",""
"2024/07/09 4:18:44 PM AST","666e02576e916cd782e9ae12","29","Male","No","Asian or Asian Indian","Business development","Yes","5","No","3","3","50","","","","","","","","","","","","","","","",""
"2024/07/09 4:19:14 PM AST","kfzc0i99_50M","30","Male","No","Asian or Asian Indian","STEM","No","3","No","2","2","50","","","","","","","","","","","","","","","",""
"2024/07/09 4:19:29 PM AST","5bf0b1ecaf38d100016bd609","39","Male","No","White caucasian","STEM","Yes","5","No","2","1","20","","","","","","","","","","","","","","","",""
"2024/07/09 4:19:36 PM AST","66429bad9e92786ee8928856","19","Female","No","Asian or Asian Indian","Social sciences: economics, psychology","Yes","5","No","3","3","50","","","","","","","","","","","","","","","",""
"2024/07/09 4:20:01 PM AST","6595e3b4dc9090390e4edb5f","27","Female","No","Asian or Asian Indian","IT and software","Yes","5","No","5","5","50","","","","","","","","","","","","","","","",""
"2024/07/09 4:20:33 PM AST","kfzc0i99_82W","29","Male","No","Asian or Asian Indian","STEM","No","5","No","4","4","20","","","","","","","","","","","","","","","",""
"2024/07/09 4:20:52 PM AST","61115178c8a4bbd5832f32ba","22","Female","Yes","White caucasian","IT and software","Yes","5","No","4","3","25","","","","","","","","","","","","","","","",""
"2024/07/09 4:21:26 PM AST","66491e9882aaa64c5d0911d5","52","Female","No","Black or African American","Business Administration/Economics","Yes","5","No","2","3","50","","","","","","","","","","","","","","","",""
"2024/07/09 4:26:20 PM AST","TQ","31","Male","No","Asian or Asian Indian","STEM","No","4","No","5","5","50","","","","","","","","","","","","","","","",""
"2024/07/09 4:27:37 PM AST","663c18b624172c32a8dbb066","35","Male","No","Black or African American","STEM","Yes","5","No","4","4","50","","","","","","","","","","","","","","","",""
"2024/07/09 4:32:15 PM AST","kfzc0i99_59A","31","Male","No","Asian or Asian Indian","BBE","No","4","No","2","2","50","","","","","","","","","","","","","","","",""
"2024/07/10 1:41:24 PM AST","d01q58pi_34H","55","Male","No","White caucasian","STEM","Yes","5","No","3","3","25","","","","","","","","","","","","","","","",""
"2024/07/10 1:42:59 PM AST","6634c1d8631a52e31f7bbfd1","30","Male","No","Asian or Asian Indian","STEM","Yes","5","No","4","3","100","","","","","","","","","","","","","","","",""
"2024/07/10 1:46:12 PM AST","66613916abcfcbe01b57b32a","31","Male","No","White caucasian","I don't have higher education studies","Yes","5","No","3","4","10","","","","","","","","","","","","","","","",""
"2024/07/10 1:46:48 PM AST","6018a5c0e1600b187ccb8693","26","Male","Yes","Asian or Asian Indian","STEM","Yes","5","No","3","6","0","","","","","","","","","","","","","","","",""
"2024/07/10 1:46:57 PM AST","66799662d6513151e840c6af","32","Male","No","White caucasian","I don't have higher education studies","Yes","5","No","5","5","100","","","","","","","","","","","","","","","",""
"2024/07/10 1:47:00 PM AST","66413412d9d93d6b67936792","27","Female","Yes","What race do you consider yourself? Write here:","STEM","Yes","4","No","4","4","10","","","","","","","","","","","","","","","",""
"2024/07/10 1:47:19 PM AST","62a0b34cbcc5987a8fa73c39","34","Male","No","White caucasian","Humanities and arts","Yes","5","No","3","3","50","","","","","","","","","","","","","","","",""
"2024/07/10 1:48:00 PM AST","5cf5ea4dea7a80000156520e","29","Male","No","White caucasian","IT and software","Yes","5","No","5","5","50","","","","","","","","","","","","","","","",""
"2024/07/10 1:49:02 PM AST","668a2372b4438a45e1040399","24","Male","Yes","White caucasian","Accounting","Yes","5","No","5","5","50","","","","","","","","","","","","","","","",""
"2024/07/10 1:50:12 PM AST","666b01e50f90e4a24a5b5ea3","27","Male","Yes","White caucasian","I don't have higher education studies","Yes","5","No","5","5","50","","","","","","","","","","","","","","","",""
"2024/07/10 1:51:05 PM AST","5b07b71c68eff50001d1c859","33","Male","No","Asian or Asian Indian","STEM","Yes","5","No","5","6","50","","","","","","","","","","","","","","","",""
"2024/07/10 1:51:08 PM AST","65e85fa344091288e6f10cd7","24","Male","No","Black or African American","IT and software","Yes","5","No","7","7","80","","","","","","","","","","","","","","","",""
"2024/07/10 1:52:16 PM AST","6679e88eb948e8a4b08a39fb","30","Male","No","Black or African American","business","Yes","5","No","4","3","75","","","","","","","","","","","","","","","",""
"2024/07/10 1:54:00 PM AST","5b9c2c816f92f30001ecce7a","30","Female","No","White caucasian","Social sciences: economics, psychology","Yes","5","No","3","2","25","","","","","","","","","","","","","","","",""
"2024/07/10 1:54:05 PM AST","d01q58pi_79F","34","Female","Yes","What race do you consider yourself? Write here:","English Literature","Yes","5","No","6","4","25","","","","","","","","","","","","","","","",""
"2024/07/10 1:54:19 PM AST","5f2a12f5837dd81e5881b7cc","45","Male","No","White caucasian","IT and software","Yes","5","No","2","2","0","","","","","","","","","","","","","","","",""
"2024/07/10 1:54:27 PM AST","d01q58pi_91C","30","Female","No","White caucasian","STEM","Yes","5","No","2","2","40","","","","","","","","","","","","","","","",""
"2024/07/10 1:56:02 PM AST","5fb5ef0ab61b9e02d5752768","37","Male","No","Black or African American","Social sciences: economics, psychology","Yes","5","No","4","2","0","","","","","","","","","","","","","","","",""
"2024/07/10 1:59:03 PM AST","662f93c33fe9ba41a6319363","49","Male","No","White caucasian","Education","Yes","5","No","4","4","50","","","","","","","","","","","","","","","",""
"2024/07/10 2:01:21 PM AST","666dbb1357a8cfb6025951df","19","Female","No","Black or African American","Finance","Yes","5","No","4","3","0","","","","","","","","","","","","","","","",""
"2024/07/10 2:02:13 PM AST","66294f63f8c6d8b938395572","40","Female","No","White caucasian","Social sciences: economics, psychology","Yes","5","No","5","5","73","","","","","","","","","","","","","","","",""
"2024/07/10 2:03:42 PM AST","6674967028c3e0b548772c94","38","Male","No","Black or African American","Healthcare","Yes","5","No","6","4","0","","","","","","","","","","","","","","","",""
"2024/07/10 2:04:18 PM AST","d01q58pi_28S","34","Female","No","Asian or Asian Indian","STEM","No","5","No","5","4","60","","","","","","","","","","","","","","","",""
"2024/07/12 1:41:32 PM AST","5de260b9553cee28d97b058d","29","Male","No","White caucasian","STEM","Yes","5","No","5","5","25","","","","","","","","","","","","","","","",""
"2024/07/12 1:41:48 PM AST","66857cc20736230620552dbc","53","Female","No","White caucasian","Humanities and arts","Yes","5","No","4","4","30","","","","","","","","","","","","","","","",""
"2024/07/12 1:43:51 PM AST","663ab8a4d5bff4596f9a9de7","20","Female","No","White caucasian","I don't have higher education studies","Yes","5","No","3","5","50","","","","","","","","","","","","","","","",""
"2024/07/12 1:44:11 PM AST","66467f5703bc98ffca9a248c","31","Male","No","Asian or Asian Indian","Social sciences: economics, psychology","Yes","5","No","3","2","20","","","","","","","","","","","","","","","",""
"2024/07/12 1:44:49 PM AST","66469125811cb4b314cd04f4","30","Male","Yes","What race do you consider yourself? Write here:","Humanities and arts","Yes","5","No","3","1","0","","","","","","","","","","","","","","","",""
"2024/07/12 1:45:08 PM AST","6630dd23d49aad3c932af33c","18","Female","No","Black or African American","I don't have higher education studies","Yes","5","No","6","5","100","","","","","","","","","","","","","","","",""
"2024/07/12 1:46:47 PM AST","8w4eyts6_17C","18","Male","No","Asian or Asian Indian","STEM","Yes","5","No","5","4","30","","","","","","","","","","","","","","","",""
"2024/07/12 1:46:47 PM AST","6680b99725961403f1c3ee3a","34","Male","No","White caucasian","Health sciences","Yes","5","No","5","5","50","","","","","","","","","","","","","","","",""
"2024/07/12 1:48:18 PM AST","NA","26","Female","Yes","White caucasian","STEM","Yes","5","No","7","7","50","","","","","","","","","","","","","","","",""
"2024/07/12 1:48:24 PM AST","6637c7d9fc91cd7d5c8b0d49","41","Male","No","White caucasian","IT and software","Yes","5","No","5","5","100","","","","","","","","","","","","","","","",""
"2024/07/12 1:48:48 PM AST","663bb62ffe083ca847014fbb","28","Male","No","Asian or Asian Indian","Humanities and arts","Yes","5","No","4","4","20","","","","","","","","","","","","","","","",""
"2024/07/12 1:49:20 PM AST","60c3ba02dfcf64dbe7ae0396","23","Female","Yes","White caucasian","STEM","Yes","5","No","2","1","0","","","","","","","","","","","","","","","",""
"2024/07/12 1:49:30 PM AST","66743dec637dbe2f99b909cd","62","Non-binary","No","White caucasian","IT and software","Yes","5","No","6","6","90","","","","","","","","","","","","","","","",""
"2024/07/12 1:50:08 PM AST","666228f8860c05fcca83ab1e","58","Male","No","White caucasian","STEM","Yes","5","No","4","4","50","","","","","","","","","","","","","","","",""
"2024/07/12 1:50:45 PM AST","60c12fe6ca8c4aa6d0185190","40","Male","No","Black or African American","IT and software","Yes","5","No","5","5","100","","","","","","","","","","","","","","","",""
"2024/07/12 1:51:19 PM AST","666228f8860c05fcca83ab1e","58","Male","No","White caucasian","STEM","Yes","5","No","4","4","50","","","","","","","","","","","","","","","",""
"2024/07/12 1:51:34 PM AST","6625c9127eee9a3639d7e1af","30","Male","Yes","White caucasian","IT and software","Yes","5","No","6","5","50","","","","","","","","","","","","","","","",""
"2024/07/12 1:52:12 PM AST","667d4f099343ca5b26b2932a","25","Male","No","Black or African American","IT and software","Yes","5","No","5","5","30","","","","","","","","","","","","","","","",""
"2024/07/12 1:52:21 PM AST","6675ebfe4ca3bfdd2a986877","51","Female","No","Asian or Asian Indian","Business","Yes","5","No","6","5","30","","","","","","","","","","","","","","","",""
"2024/07/12 1:52:28 PM AST","8w4eyts6_80C","24","Female","No","Asian or Asian Indian","STEM","Yes","5","Yes","2","1","50","","","","","","","","","","","","","","","",""
"2024/07/12 1:52:49 PM AST","8w4eyts6_76S","19","Male","No","Asian or Asian Indian","STEM","No","5","No","4","5","40","","","","","","","","","","","","","","","",""
"2024/07/12 1:53:32 PM AST","65d563ecf8df20ade2f17888","25","Female","No","Asian or Asian Indian","Social sciences: economics, psychology","Yes","5","No","4","4","50","","","","","","","","","","","","","","","",""
"2024/07/12 1:55:47 PM AST","62728f0c68b9ecf571a2dbd4","40","Male","No","Black or African American","STEM","Yes","5","No","2","2","75","","","","","","","","","","","","","","","",""
"2024/07/12 1:58:42 PM AST","663200f99991108a0c4dcb23","54","Male","No","Black or African American","Social sciences: economics, psychology","Yes","5","No","7","6","100","","","","","","","","","","","","","","","",""
"2024/07/12 1:59:16 PM AST","6668b7620adc0e65f62c79d5","52","Female","No","Black or African American","IT and software","Yes","5","No","7","7","100","","","","","","","","","","","","","","","",""
"2024/07/15 1:34:44 PM AST","5b133bf71e55760001b9f8de","36","Female","No","White caucasian","Social sciences: economics, psychology","Yes","5","No","5","5","100","","","","","","","","","","","","","","","",""
"2024/07/15 1:38:18 PM AST","pdqr3ms5_52W","27","Female","No","Asian or Asian Indian","Social sciences: economics, psychology","No","5","No","4","2","45","","","","","","","","","","","","","","","",""
"2024/07/15 1:42:40 PM AST","661fc8bb0644ba960f0e3b65","24","Male","No","Asian or Asian Indian","IT and software","Yes","5","No","3","3","25","","","","","","","","","","","","","","","",""
"2024/07/15 1:43:03 PM AST","5aeeb4903c80f200013af2ed","35","Male","No","White caucasian","Social sciences: economics, psychology","Yes","5","No","7","7","100","","","","","","","","","","","","","","","",""
"2024/07/15 1:43:26 PM AST","66327883ca4a6f78c437185a","46","Female","No","White caucasian","I don't have higher education studies","Yes","5","No","1","2","50","","","","","","","","","","","","","","","",""
"2024/07/15 1:43:36 PM AST","pdqr3ms5_96L","19","Male","No","Asian or Asian Indian","STEM","Yes","5","No","4","3","20","","","","","","","","","","","","","","","",""
"2024/07/15 1:44:07 PM AST","6544fd84cf4e51f1de212e54","40","Female","Yes","White caucasian","Social sciences: economics, psychology","Yes","5","No","3","4","50","","","","","","","","","","","","","","","",""
"2024/07/15 1:44:37 PM AST","56bd7bf3d4e2180005a86846","39","Female","No","Black or African American","IT and software","Yes","5","No","5","2","0","","","","","","","","","","","","","","","",""
"2024/07/15 1:44:55 PM AST","5b9ec956c8a17f000171f7ad","37","Male","No","White caucasian","Humanities and arts","Yes","5","No","2","2","0","","","","","","","","","","","","","","","",""
"2024/07/15 1:45:17 PM AST","5e07d174da6bad1342bafab2","40","Male","No","White caucasian","I don't have higher education studies","Yes","5","No","1","1","0","","","","","","","","","","","","","","","",""
"2024/07/15 1:45:18 PM AST","56b8de29e1d0a200051517f8","42","Female","No","Asian or Asian Indian","Humanities and arts","Yes","5","No","3","3","30","","","","","","","","","","","","","","","",""
"2024/07/15 1:46:49 PM AST","60f4a2d142c69dc1121b6dbf","42","Male","No","Asian or Asian Indian","Social sciences: economics, psychology","Yes","4","No","3","3","20","","","","","","","","","","","","","","","",""
"2024/07/15 1:47:12 PM AST","6276d97e209059496d37bf74","57","Female","No","White caucasian","Social sciences: economics, psychology","Yes","5","No","3","2","10","","","","","","","","","","","","","","","",""
"2024/07/15 1:47:22 PM AST","6529648ca1ade4b6c9e876f4","54","Female","No","White caucasian","Education","Yes","5","No","1","1","10","","","","","","","","","","","","","","","",""
"2024/07/15 1:47:51 PM AST","662a2584d928ede39a60cdb1","24","Male","No","White caucasian","IT and software","Yes","5","No","7","6","75","","","","","","","","","","","","","","","",""
"2024/07/15 1:48:18 PM AST","6654c3056acf3abb982b23ab","41","Female","No","White caucasian","IT and software","No","5","No","5","4","75","","","","","","","","","","","","","","","",""
"2024/07/15 1:48:47 PM AST","6680d577ce8b233327b0272e","37","Male","No","White caucasian","I don't have higher education studies","Yes","5","No","4","3","25","","","","","","","","","","","","","","","",""
"2024/07/15 1:49:25 PM AST","pdqr3ms5_91A","20","Female","No","White caucasian","STEM","No","5","No","2","2","40","","","","","","","","","","","","","","","",""
"2024/07/15 1:50:54 PM AST","pdqr3ms5_40O","36","Male","No","Asian or Asian Indian","STEM","No","5","Yes","2","5","80","","","","","","","","","","","","","","","",""
"2024/07/15 1:53:01 PM AST","pdqr3ms5_78T","18","Female","Yes","White caucasian","STEM","No","5","No","3","2","40","","","","","","","","","","","","","","","",""
"2024/07/15 1:54:30 PM AST","6648a72ac62125647c5b1ef1","28","Female","No","Black or African American","Social sciences: economics, psychology","Yes","5","No","6","6","70","","","","","","","","","","","","","","","",""
"2024/07/15 1:56:29 PM AST","664b64938bc0aa86bab3a4d2","35","Female","No","Black or African American","construction","Yes","5","No","5","4","100","","","","","","","","","","","","","","","",""